Country,1990,1991,1992,1993,1994,1995,1996,1997,1998,1999,2000,2001,2002,2003,2004,2005,2006,2007,2008,2009,2010,2011,2012,2013,2014,2015,2016,2017
Afghanistan,59205485.0,61631971.0,63013493.0,64347330.0,65629819.0,66860958.0,68026093.0,69110567.0,70140029.0,70949598.0,71717793.0,72529867.0,73593942.0,74781013.0,75722468.0,77042718.0,78685964.0,80954308.0,85152637.0,91912951.0,100365175.0,112591192.0,123333249.0,133333663.0,143122849.0,153230277.0,165488185.0,178502925.0
Africa,15923936796.0,16610791075.0,17280348214.0,17989891459.0,18710122956.0,19485633617.0,20279206383.0,21091886368.0,21927216344.0,22755551690.0,23640083267.0,24519201998.0,25403353837.0,26365325805.0,27398417645.0,28442492860.0,29526291008.0,30652623962.0,31830766884.0,33019042498.0,34212826270.0,35411199285.0,36645041459.0,37895685023.0,39186174236.0,40475177493.0,41785833882.0,43117573841.0
Albania,172482800.0,176766016.0,179279520.0,181613488.0,183537088.0,185621904.0,187637104.0,189179648.0,190931040.0,193913536.0,196932672.0,200153328.0,203901600.0,208192144.0,212354448.0,216604688.0,220499520.0,224423664.0,228794816.0,233169632.0,237764288.0,243000144.0,247906240.0,252966224.0,258678400.0,264626124.0,270898982.0,277278189.0
Algeria,1227344595.0,1306149946.0,1386031717.0,1467974158.0,1554120833.0,1649102794.0,1745888914.0,1832893260.0,1939514090.0,2031182001.0,2118624684.0,2202405358.0,2291812079.0,2382860272.0,2470713375.0,2577186565.0,2677387726.0,2785787700.0,2894819537.0,3015005401.0,3132819477.0,3252626365.0,3380736316.0,3513170946.0,3656347996.0,3806940494.0,3957318519.0,4107869896.0
Americas (other),44139315940.0,45610299952.0,47114212624.0,48656871827.0,50253627689.0,51873213217.0,53561428365.0,55328368455.0,57177221097.0,59067565309.0,60974588046.0,62905083846.0,64857939638.0,66861915212.0,68873832710.0,70950783125.0,73065649503.0,75233665397.0,77460245651.0,79617865087.0,81871783973.0,84166563311.0,86541969037.0,88948744132.0,91391915488.0,93827469251.0,96242527324.0,98641159642.0
Andorra,406704.0,813408.0,1220112.0,1630480.0,2037184.0,2462208.0,2916544.0,3381872.0,3872848.0,4385808.0,4909760.0,5433712.0,5964992.0,6499936.0,7060528.0,7635776.0,8181712.0,8720320.0,9258928.0,9775552.0,10292176.0,10783152.0,11270464.0,11746784.0,12208448.0,12685687.0,13197193.0,13717377.0
Angola,115663928.0,120726805.0,125891849.0,131640232.0,135505828.0,146454131.0,156878956.0,164226805.0,171496411.0,180626189.0,190141250.0,199812768.0,212410314.0,221398681.0,240100613.0,259107043.0,281209450.0,306185554.0,331671559.0,359237062.0,388101534.0,418243679.0,451429495.0,483802609.0,518260251.0,553021380.0,588372383.0,623762311.0
Anguilla,51296.0,102592.0,157552.0,223504.0,289456.0,355408.0,425024.0,494640.0,571584.0,652192.0,740128.0,835392.0,930656.0,1033248.0,1154160.0,1282400.0,1425296.0,1575520.0,1725744.0,1872304.0,2022528.0,2165424.0,2308320.0,2443888.0,2586784.0,2735961.0,2888033.0,3040078.0
Antarctic Fisheries,29312.0,43968.0,58624.0,73280.0,87936.0,91600.0,95264.0,98928.0,102592.0,106256.0,109920.0,113584.0,117248.0,120912.0,128240.0,135568.0,142896.0,153888.0,153888.0,153888.0,153888.0,153888.0,153888.0,153888.0,153888.0,153888.0,153888.0,153888.0
Antigua and Barbuda,10643920.0,10911392.0,11175200.0,11446336.0,11713808.0,11988608.0,12281728.0,12589504.0,12908272.0,13238032.0,13582448.0,13930528.0,14300592.0,14703632.0,15124992.0,15553680.0,15997024.0,16466016.0,16946000.0,17455296.0,17979248.0,18492208.0,19016160.0,19540112.0,20071392.0,20626024.0,21191421.0,21756717.0
Argentina,3669190220.0,3786035223.0,3907051937.0,4024616609.0,4146626649.0,4274225109.0,4408868759.0,4546426812.0,4685781263.0,4832291571.0,4974008376.0,5107318986.0,5231701199.0,5366321859.0,5523355499.0,5684780278.0,5859397784.0,6033630695.0,6221671879.0,6400539263.0,6587225715.0,6777473616.0,6968518297.0,7156946446.0,7359617936.0,7565985904.0,7773049963.0,7977373398.0
Armenia,156229024.0,162669665.0,168389596.0,170897861.0,173581357.0,176941449.0,179438793.0,182685236.0,186096308.0,189130008.0,192621418.0,196154118.0,199230726.0,202686288.0,206377482.0,210757312.0,215162562.0,220270324.0,225852438.0,230214768.0,234474944.0,239443820.0,245192072.0,250741500.0,256322937.0,262114667.0,268075480.0,273731872.0
Aruba,22389953.0,24071729.0,25533665.0,27127505.0,28739665.0,30406785.0,32095889.0,33839953.0,35635313.0,37441665.0,39819601.0,42226849.0,44663409.0,47224545.0,49840641.0,52559329.0,55274353.0,58095633.0,60752033.0,63379121.0,65885297.0,68384145.0,69732497.0,70593537.0,71465569.0,72375930.0,73303961.0,74231827.0
Asia and Pacific (other),68637505844.0,71745193845.0,74900566346.0,78104864949.0,81381826684.0,84738039393.0,88203759764.0,91761608164.0,95142752227.0,98637580592.0,102000000000.0,106000000000.0,110000000000.0,114000000000.0,118000000000.0,122000000000.0,126000000000.0,131000000000.0,135000000000.0,139000000000.0,144000000000.0,149000000000.0,154000000000.0,158000000000.0,163000000000.0,168000000000.0,173000000000.0,178000000000.0
Australia,7539894800.0,7819767164.0,8104679288.0,8393914145.0,8687928755.0,8993338555.0,9305699765.0,9626494461.0,9961178567.0,10305241904.0,10655436485.0,11013105228.0,11375314322.0,11745040157.0,12128245102.0,12514760314.0,12907442187.0,13307857916.0,13712906454.0,14121579085.0,14528331858.0,14932578429.0,15339724486.0,15737888284.0,16131352524.0,16534347977.0,16947717900.0,17360810555.0
Austria,3440940783.0,3506840461.0,3567271920.0,3628059659.0,3689250006.0,3753455956.0,3821129844.0,3888582855.0,3955637219.0,4021258224.0,4087519967.0,4157910825.0,4230057363.0,4307821612.0,4385874158.0,4465240838.0,4541929302.0,4615961420.0,4689767691.0,4757250750.0,4829633894.0,4899749565.0,4967410964.0,5035412195.0,5099665521.0,5166369509.0,5233771592.0,5303713347.0
Azerbaijan,1497391055.0,1558191309.0,1614367111.0,1662775453.0,1704722012.0,1738033128.0,1769274738.0,1799078598.0,1830743640.0,1859313868.0,1888820188.0,1917612868.0,1947254717.0,1977881439.0,2009959594.0,2044246014.0,2083354554.0,2113812824.0,2149263424.0,2181120054.0,2211752942.0,2245149560.0,2280646506.0,2316226467.0,2353640890.0,2393882319.0,2433570604.0,2471780322.0
Bahamas,107810128.0,109590832.0,111382528.0,113082624.0,114768064.0,116449840.0,118116960.0,119479968.0,121158080.0,122832528.0,124499648.0,126067840.0,127643360.0,129160256.0,130882336.0,132622736.0,134286192.0,135975296.0,137470208.0,139111680.0,140764144.0,142629120.0,144596688.0,147395984.0,149810560.0,152327089.0,154892395.0,157456745.0
Bahrain,238198721.0,250054050.0,260927894.0,275537676.0,290293317.0,305080404.0,320670029.0,337957760.0,356323302.0,374311415.0,392929330.0,406834667.0,422511845.0,438949048.0,456388154.0,475520663.0,494277583.0,521047635.0,550730082.0,578827612.0,607902442.0,636341272.0,662789496.0,693873386.0,724962339.0,757809267.0,792074360.0,826530054.0
Bangladesh,198321556.0,214224115.0,231932904.0,249300820.0,268228795.0,291000182.0,314949824.0,339897856.0,363808971.0,388826400.0,416331291.0,448275158.0,481460528.0,516601168.0,553763031.0,592678928.0,635634625.0,679401066.0,727708679.0,780001288.0,838283137.0,899880606.0,965483132.0,1033189646.0,1104335325.0,1187836112.0,1273089719.0,1361147180.0
Barbados,18336992.0,19529097.0,20495421.0,21605257.0,22347141.0,23170100.0,24012430.0,24901328.0,26022542.0,27213758.0,28381793.0,29583085.0,30786890.0,32028260.0,33294270.0,34616604.0,35955896.0,37290266.0,38879272.0,40468581.0,41921213.0,43425375.0,44875267.0,46304794.0,47558304.0,48859181.0,50183850.0,51506565.0
Belarus,2329568044.0,2426608103.0,2516598549.0,2594214128.0,2658587085.0,2716534574.0,2775736848.0,2838282684.0,2897690502.0,2954681709.0,3010139744.0,3065700074.0,3121377231.0,3178489518.0,3239256709.0,3301306104.0,3366167714.0,3430431637.0,3496821696.0,3558759528.0,3622621918.0,3685394664.0,3749069421.0,3813493118.0,3877273104.0,3936238856.0,3996748059.0,4058119852.0
Belgium,9077075603.0,9200620312.0,9323278123.0,9444835407.0,9569773596.0,9695856560.0,9825440185.0,9949487009.0,10079772122.0,10204517824.0,10331312613.0,10457441619.0,10583886245.0,10711839430.0,10840880312.0,10966518514.0,11090549403.0,11211160804.0,11331819814.0,11439462181.0,11553044213.0,11657202855.0,11758597830.0,11860568272.0,11956959313.0,12057188803.0,12157432512.0,12257548524.0
Belize,5188224.0,5547296.0,5902704.0,6280096.0,6653824.0,7031216.0,7338992.0,7727376.0,8097440.0,8445520.0,8841232.0,9288240.0,9720592.0,10152944.0,10544992.0,10966352.0,11409696.0,11886016.0,12322032.0,12908272.0,13446880.0,14047776.0,14524096.0,15037056.0,15531696.0,16053957.0,16601391.0,17162217.0
Benin,11223359.0,12015488.0,12880431.0,13967115.0,15189369.0,16462928.0,17694029.0,18892180.0,20086545.0,21628865.0,23202863.0,24992635.0,27045815.0,29373394.0,31854460.0,34221541.0,37932883.0,42252514.0,46507328.0,51015261.0,55954206.0,61075490.0,66381011.0,72033650.0,78191884.0,84542220.0,91290139.0,98792204.0
Bermuda,12241424.0,12780032.0,13241696.0,13780304.0,14311584.0,14842864.0,15370480.0,15894432.0,16414720.0,16927680.0,17444304.0,17971920.0,18528848.0,19089440.0,19672016.0,20254592.0,20906784.0,21635920.0,22284448.0,22760768.0,23368992.0,23812336.0,24288656.0,24746656.0,25321904.0,25922436.0,26534625.0,27146704.0
Bhutan,747456.0,923575.0,1128952.0,1301980.0,1503588.0,1739729.0,2025040.0,2401878.0,2769041.0,3139802.0,3521489.0,3890502.0,4292212.0,4653338.0,4943817.0,5321940.0,5694946.0,6066973.0,6467797.0,6835598.0,7299755.0,7967219.0,8721026.0,9574170.0,10493774.0,11481731.0,12596312.0,13762670.0
Bolivia,113366275.0,119340292.0,125962278.0,133754104.0,142346540.0,152145509.0,161920048.0,172803111.0,183726961.0,194103006.0,205107699.0,213668303.0,223996404.0,235007571.0,246025897.0,258096381.0,273017224.0,285194073.0,298234712.0,311981298.0,326922681.0,342773919.0,361259630.0,379831255.0,399861054.0,419862979.0,440425242.0,461310418.0
Bonaire Sint Eustatius and Saba,15036344.0,15228814.0,15387386.0,15632170.0,15866850.0,16099086.0,16316328.0,16543674.0,16556223.0,16650258.0,16899768.0,17153842.0,17398790.0,17643900.0,17901070.0,18155959.0,18421603.0,18720658.0,19008304.0,19302632.0,19505369.0,19764006.0,19764006.0,19764006.0,19764006.0,20100610.0,20443748.0,20786824.0
Bosnia and Herzegovina,406888111.0,421039571.0,436067132.0,448646569.0,451850955.0,455253742.0,459492203.0,467857478.0,478408772.0,488742720.0,502444014.0,515707791.0,529880393.0,544230589.0,559693043.0,575739027.0,593125746.0,610600078.0,630558726.0,651095820.0,672241461.0,696002750.0,718138947.0,739939996.0,762057602.0,786821769.0,812823467.0,839470358.0
Botswana,17554224.0,20188640.0,22965952.0,26160960.0,29191088.0,32235872.0,34991200.0,37790496.0,41132064.0,44290432.0,48068016.0,51915216.0,55890656.0,59715872.0,63610704.0,67703392.0,71836384.0,76064640.0,80567696.0,84326960.0,88980546.0,93118913.0,97304533.0,102489293.0,109476098.0,116579065.0,123677461.0,131552447.0
Brazil,4635811488.0,4853038960.0,5071422464.0,5299755680.0,5539226400.0,5794809776.0,6076004560.0,6372589816.0,6680895536.0,6997177976.0,7321404016.0,7654391416.0,7981826248.0,8299334696.0,8633009840.0,8975096312.0,9317042680.0,9673961432.0,10054306360.0,10414397136.0,10825637328.0,11255832230.0,11715895322.0,12209488834.0,12729015183.0,13241097065.0,13714838441.0,14190905220.0
British Virgin Islands,875696.0,941648.0,1011264.0,1084544.0,1165152.0,1249424.0,1344688.0,1443616.0,1546208.0,1648800.0,1751392.0,1857648.0,1971232.0,2092144.0,2216720.0,2348624.0,2491520.0,2641744.0,2802960.0,2967840.0,3140048.0,3315920.0,3491792.0,3667664.0,3847200.0,4034627.0,4225692.0,4416724.0
Brunei,160948528.0,166254000.0,171464208.0,176428928.0,181118848.0,185904032.0,190645248.0,195576992.0,200735904.0,204539136.0,209130128.0,213519600.0,217773504.0,222243584.0,227116704.0,231986160.0,236723712.0,245033664.0,254025120.0,261770816.0,269831616.0,279376336.0,288869760.0,296498208.0,305423712.0,315779037.0,325743772.0,335970645.0
Bulgaria,2326315521.0,2386373570.0,2443213566.0,2500696978.0,2556633118.0,2614170105.0,2672122648.0,2727304268.0,2779830528.0,2825926800.0,2871140726.0,2920064041.0,2966230405.0,3016644866.0,3066153506.0,3116744801.0,3168570371.0,3224207405.0,3278180198.0,3323887343.0,3371680146.0,3424796614.0,3473066105.0,3515652108.0,3560794577.0,3608927268.0,3654214655.0,3703285889.0
Burkina Faso,9273584.0,9900128.0,10530336.0,11156880.0,11801744.0,12425614.0,13130074.0,13932766.0,14790395.0,15704568.0,16735464.0,17727150.0,18728226.0,19802536.0,20902445.0,22024292.0,23380526.0,25022393.0,26885164.0,28751993.0,30645934.0,32787172.0,35337514.0,38329926.0,41132032.0,43913288.0,46883100.0,50218081.0
Burundi,3677190.0,3915350.0,4131526.0,4358694.0,4593190.0,4831350.0,5073174.0,5322326.0,5571478.0,5824294.0,6095430.0,6300614.0,6513126.0,6674342.0,6872198.0,7026086.0,7212950.0,7399814.0,7590342.0,7780870.0,7993382.0,8230947.0,8504547.0,8782774.0,9214305.0,9690963.0,10199110.0,10728250.0
Cambodia,12673447.0,13977831.0,15326183.0,16711175.0,18178226.0,19718511.0,21315757.0,22840810.0,24776165.0,26670453.0,28645349.0,30895045.0,33100773.0,35478709.0,37922597.0,40696245.0,43693397.0,47145866.0,50950853.0,55491550.0,60408478.0,65502758.0,70836280.0,76312066.0,82828485.0,89805010.0,97286972.0,105225247.0
Cameroon,67633950.0,68690653.0,72420568.0,76260017.0,80031088.0,84205545.0,88637038.0,91793445.0,94930541.0,97928633.0,101274481.0,104599472.0,107923522.0,111622013.0,115472075.0,119063344.0,122815790.0,128517728.0,133944007.0,140538914.0,147200941.0,152831513.0,158806534.0,165421547.0,172275544.0,179492954.0,187079087.0,194766284.0
Canada,17171743393.0,17626370897.0,18095235665.0,18563115240.0,19046173697.0,19541838212.0,20052394999.0,20577648070.0,21111884568.0,21661927718.0,22234458458.0,22799093778.0,23369978876.0,23957575166.0,24543407966.0,25120209594.0,25690697237.0,26284837478.0,26859643349.0,27400162036.0,27955621729.0,28516397630.0,29080072830.0,29648965226.0,30216973614.0,30782550291.0,31340739291.0,31913521876.0
Cape Verde,2322135.0,2421063.0,2527319.0,2637239.0,2750823.0,2871735.0,3014631.0,3161191.0,3318743.0,3501943.0,3718119.0,3952615.0,4227415.0,4535191.0,4864951.0,5304631.0,5777287.0,6282919.0,6751911.0,7275863.0,7832791.0,8448343.0,8953975.0,9452279.0,9943255.0,10440465.0,10972669.0,11572647.0
Cayman Islands,2975168.0,3246304.0,3557744.0,3887504.0,4250240.0,4612976.0,4997696.0,5404400.0,5833088.0,6261776.0,6727104.0,7196096.0,7683408.0,8178048.0,8639712.0,9112368.0,9596016.0,10167600.0,10750176.0,11307104.0,11864032.0,12450272.0,12985216.0,13520160.0,14062432.0,14062432.0,14062432.0,14062432.0
Central African Republic,4514048.0,4719232.0,4935408.0,5158912.0,5393408.0,5627904.0,5862400.0,6107888.0,6357040.0,6620848.0,6888320.0,7133808.0,7379296.0,7613792.0,7848288.0,8082784.0,8331936.0,8584752.0,8837568.0,9090384.0,9354192.0,9632656.0,9925776.0,10222560.0,10523008.0,10826471.0,11137328.0,11448062.0
Chad,4623968.0,4689920.0,4774192.0,4865792.0,4968384.0,5078304.0,5202880.0,5345776.0,5496000.0,5657216.0,5833088.0,6005296.0,6173840.0,6554896.0,6932288.0,7331664.0,7738368.0,8200032.0,8709328.0,9200304.0,9716928.0,10255536.0,10851222.0,11531796.0,12238929.0,12952385.0,13681353.0,14410061.0
Chile,1005670924.0,1036613129.0,1068671026.0,1102834045.0,1140476402.0,1181566517.0,1229195028.0,1284645309.0,1341452535.0,1402359812.0,1460473506.0,1513050063.0,1567540399.0,1622424595.0,1681472103.0,1742419246.0,1806390824.0,1877097754.0,1947916432.0,2013836290.0,2085166076.0,2163249857.0,2242953747.0,2324629717.0,2405606788.0,2486768037.0,2572896035.0,2657499285.0
China,41802447868.0,44341371836.0,46998484242.0,49834279715.0,52844521924.0,56109578888.0,59517925478.0,62932474765.0,66198377385.0,69456512272.0,72805807048.0,76231951110.0,80014390407.0,84466700703.0,89592595120.0,95363763560.0,102000000000.0,109000000000.0,116000000000.0,124000000000.0,132000000000.0,142000000000.0,151000000000.0,161000000000.0,171000000000.0,181000000000.0,190000000000.0,200000000000.0
Christmas Island,1330032.0,1330032.0,1330032.0,1330032.0,1330032.0,1330032.0,1330032.0,1330032.0,1330032.0,1330032.0,1330032.0,1330032.0,1330032.0,1330032.0,1330032.0,1330032.0,1330032.0,1330032.0,1330032.0,1330032.0,1330032.0,1330032.0,1330032.0,1330032.0,1330032.0,1330032.0,1330032.0,1330032.0
Colombia,1303218700.0,1359873954.0,1421374301.0,1484711019.0,1551420471.0,1610040728.0,1669499252.0,1733270482.0,1797884205.0,1852911658.0,1909127374.0,1964378849.0,2019232075.0,2075960322.0,2130511733.0,2190762489.0,2252959841.0,2314531348.0,2381757865.0,2453609479.0,2528909899.0,2604652996.0,2684003284.0,2773003336.0,2856418874.0,2942441131.0,3028814117.0,3110040939.0
Comoros,1007600.0,1073552.0,1139504.0,1209120.0,1278736.0,1352016.0,1428960.0,1509568.0,1597504.0,1689104.0,1791696.0,1894288.0,1996880.0,2128784.0,2271680.0,2410912.0,2572128.0,2674720.0,2780976.0,2912880.0,3074096.0,3209664.0,3352560.0,3528432.0,3682320.0,3850231.0,4031600.0,4221082.0
Democratic Republic of Congo,23820915.0,24815749.0,26084010.0,27392501.0,29531638.0,31087476.0,32797516.0,35136779.0,35913547.0,36734283.0,37780113.0,38545889.0,39121137.0,40037137.0,40986113.0,41957561.0,43064195.0,44265538.0,45561883.0,47293460.0,49262904.0,51511409.0,54462194.0,57520011.0,60561086.0,63789505.0,67163659.0,70573384.0
Cook Islands,545936.0,582576.0,619216.0,659520.0,699824.0,740128.0,787760.0,835392.0,883024.0,930656.0,978288.0,1011264.0,1040576.0,1073552.0,1128512.0,1190800.0,1256752.0,1322704.0,1392320.0,1461936.0,1531552.0,1601168.0,1670784.0,1740400.0,1810016.0,1885986.0,1962827.0,2044872.0
Costa Rica,59675310.0,62962575.0,66703795.0,70594794.0,75795128.0,80597013.0,85283749.0,90200414.0,95435874.0,100874870.0,106269346.0,111935265.0,118161701.0,124690242.0,131488246.0,138175406.0,145140687.0,153032352.0,160942812.0,168622068.0,176050078.0,183634515.0,191241509.0,198672733.0,206259796.0,214431896.0,222997581.0,231692589.0
Cote d'Ivoire,113452096.0,117760960.0,121604496.0,126697456.0,130830448.0,136945664.0,144280992.0,151293888.0,157878096.0,163817440.0,170280736.0,177678352.0,184636288.0,189769552.0,197104880.0,204601424.0,211412800.0,217949376.0,224540912.0,230055232.0,236119152.0,242465200.0,250808128.0,260338192.0,270077104.0,280931213.0,291688755.0,303413163.0
Croatia,442895236.0,460199421.0,476831969.0,493935684.0,510296901.0,527336998.0,544966207.0,563659149.0,583057391.0,603299128.0,623114863.0,644081561.0,666135532.0,689521817.0,712566572.0,736056106.0,759781745.0,784837970.0,808623267.0,830618773.0,851863857.0,872665530.0,891908503.0,910496681.0,928347354.0,946343922.0,964565396.0,981746998.0
Cuba,853021758.0,882572988.0,913705975.0,942990085.0,975136843.0,1000723041.0,1027595529.0,1052104632.0,1076462057.0,1101645008.0,1127589248.0,1152921436.0,1178887032.0,1204242143.0,1229108093.0,1254955740.0,1282183908.0,1308781347.0,1339027394.0,1368732563.0,1406904738.0,1442676586.0,1478603454.0,1513192442.0,1547825532.0,1583826337.0,1620492822.0,1656996984.0
Curacao,289405389.0,293109875.0,296161920.0,300873299.0,305390200.0,309860050.0,314041320.0,318417068.0,318658597.0,320468494.0,325270838.0,330161010.0,334875526.0,339593178.0,344542948.0,349448805.0,354561686.0,360317598.0,365853938.0,371518885.0,375420985.0,380398987.0,386393291.0,391603499.0,397480555.0,403615931.0,409870389.0,416123737.0
Cyprus,80488180.0,85619999.0,91127155.0,96878525.0,102872548.0,108736864.0,114951341.0,121252542.0,127846296.0,134707091.0,141815951.0,148798192.0,155968972.0,163529207.0,171316958.0,179289128.0,187449973.0,195922586.0,204556779.0,212939378.0,220957255.0,228657450.0,235827377.0,242322236.0,249200779.0,256103650.0,263411449.0,270926137.0
Czechia,4997333100.0,5145845576.0,5289919795.0,5427882462.0,5559414971.0,5691387031.0,5826035745.0,5956885459.0,6082011122.0,6198452704.0,6325349618.0,6452015990.0,6575614020.0,6702662394.0,6830421719.0,6955716250.0,7082096541.0,7210277275.0,7333211143.0,7448466426.0,7565961978.0,7680985280.0,7791899361.0,7898300552.0,8002360859.0,8107145417.0,8213688712.0,8321584468.0
Czechoslovakia,11040793488.0,11241448784.0,11241448784.0,11241448784.0,11241448784.0,11241448784.0,11241448784.0,11241448784.0,11241448784.0,11241448784.0,11241448784.0,11241448784.0,11241448784.0,11241448784.0,11241448784.0,11241448784.0,11241448784.0,11241448784.0,11241448784.0,11241448784.0,11241448784.0,11241448784.0,11241448784.0,11241448784.0,11241448784.0,11241448784.0,11241448784.0,11241448784.0
Democratic Republic of the Congo,130363040.0,133301447.0,136099686.0,138676947.0,140299486.0,142399551.0,144692988.0,146579420.0,148234260.0,149600479.0,150397985.0,151214392.0,152115646.0,153068558.0,154226067.0,155671371.0,157224661.0,158920878.0,160731713.0,162426996.0,164390334.0,166829035.0,169181202.0,172719331.0,177350595.0,182054375.0,182054375.0,186868045.0
Denmark,2554828590.0,2619049535.0,2677462910.0,2738116325.0,2802831500.0,2864459996.0,2939337495.0,3004807071.0,3066036486.0,3124685992.0,3178993542.0,3234874295.0,3290425983.0,3351061241.0,3406171375.0,3457703449.0,3517142328.0,3571799435.0,3623010033.0,3671833527.0,3721125802.0,3765441345.0,3805322203.0,3847147257.0,3884770789.0,3920085907.0,3957203249.0,3991753370.0
Djibouti,7056864.0,7368304.0,7679744.0,7991184.0,8295296.0,8599408.0,8910848.0,9236944.0,9552048.0,9867152.0,10207904.0,10574304.0,10973680.0,11395040.0,11801744.0,12215776.0,12626144.0,13087808.0,13586112.0,14047776.0,14564400.0,15037056.0,15553680.0,16145862.0,16828554.0,17569039.0,18357266.0,19174274.0
Dominica,989280.0,1047904.0,1106528.0,1168816.0,1234768.0,1315376.0,1388656.0,1469264.0,1546208.0,1626816.0,1729408.0,1839328.0,1941920.0,2059168.0,2172752.0,2290000.0,2403584.0,2557472.0,2689376.0,2821280.0,2960512.0,3088752.0,3224320.0,3356224.0,3491792.0,3633319.0,3777592.0,3921840.0
Dominican Republic,166252762.0,176205385.0,187027722.0,198694901.0,211071695.0,226843058.0,244040715.0,261897651.0,280146161.0,298530088.0,318123762.0,337717551.0,358791806.0,380051732.0,398121422.0,416501624.0,435922026.0,456678458.0,476947475.0,496761133.0,517335562.0,538116220.0,559767516.0,580725311.0,601716408.0,623187518.0,644969862.0,666238638.0
EU-28,243000000000.0,248000000000.0,252000000000.0,256000000000.0,260000000000.0,264000000000.0,269000000000.0,273000000000.0,277000000000.0,281000000000.0,286000000000.0,290000000000.0,294000000000.0,298000000000.0,303000000000.0,307000000000.0,311000000000.0,316000000000.0,320000000000.0,324000000000.0,328000000000.0,331000000000.0,335000000000.0,339000000000.0,342000000000.0,346000000000.0,349000000000.0,353000000000.0
Ecuador,318117673.0,334495299.0,356652628.0,380740016.0,394278518.0,416976429.0,441001914.0,459206971.0,481521714.0,502886735.0,523449352.0,546388822.0,571141960.0,597889813.0,626675657.0,656645750.0,685170351.0,716664332.0,749989326.0,785492543.0,821376640.0,859350101.0,896810627.0,937062838.0,980259812.0,1022134164.0,1061888077.0,1100685365.0
Egypt,1405886202.0,1484206913.0,1565033061.0,1657735668.0,1742570610.0,1837737506.0,1939145971.0,2046657961.0,2168123220.0,2292620637.0,2432968240.0,2557261026.0,2683042476.0,2829504519.0,2978648252.0,3143689945.0,3319709463.0,3505614652.0,3700900028.0,3903609734.0,4102417397.0,4315688402.0,4527681137.0,4736131981.0,4933233481.0,5133655640.0,5342566978.0,5561231356.0
El Salvador,57670673.0,60794541.0,64082047.0,67815494.0,72347730.0,77309300.0,81808268.0,87206540.0,92938207.0,98558341.0,104219229.0,110073672.0,116004516.0,122438798.0,128692461.0,135041730.0,141762293.0,148608161.0,155016809.0,161329459.0,167646504.0,174146978.0,180652722.0,186746324.0,192915780.0,199453649.0,206287957.0,213279980.0
Equatorial Guinea,2015200.0,2158096.0,2315648.0,2414576.0,2447552.0,2575792.0,2689376.0,2978832.0,3143712.0,3609040.0,4063376.0,7155792.0,12131504.0,18144128.0,23358000.0,28066240.0,32818448.0,37610960.0,42110352.0,46726992.0,51402256.0,57524800.0,62636080.0,67794992.0,73137104.0,78973561.0,85431835.0,92146727.0
Eritrea,69616.0,69616.0,69616.0,69616.0,930337.0,1859977.0,2867203.0,3726486.0,4312297.0,4927392.0,5531468.0,6157457.0,6757727.0,7478839.0,8243847.0,9005122.0,9561048.0,10135057.0,10544073.0,11052038.0,11560026.0,12131444.0,12761118.0,13399894.0,14062641.0,14779167.0,15543434.0,16336483.0
Estonia,647345107.0,681382812.0,705897403.0,724963430.0,744864405.0,763068398.0,781993828.0,800476149.0,817385738.0,833112807.0,848475014.0,864182882.0,879416204.0,896503453.0,913790043.0,930926365.0,947365554.0,967437201.0,985309852.0,999918919.0,1018933777.0,1038030974.0,1055969033.0,1075664630.0,1094568471.0,1110459539.0,1127953042.0,1147762306.0
Ethiopia,48681336.0,51638476.0,54575808.0,57570625.0,59767504.0,62273157.0,65067810.0,68047139.0,71194546.0,74289499.0,77753286.0,82016668.0,86447156.0,91318279.0,96476898.0,101432025.0,106748966.0,112577321.0,118942386.0,125375432.0,131771166.0,139250121.0,147399659.0,157479846.0,168470915.0,180852341.0,193794234.0,207190474.0
Europe (other),97018807852.0,100000000000.0,103000000000.0,106000000000.0,108000000000.0,110000000000.0,113000000000.0,115000000000.0,117000000000.0,119000000000.0,121000000000.0,123000000000.0,125000000000.0,127000000000.0,129000000000.0,131000000000.0,133000000000.0,136000000000.0,138000000000.0,140000000000.0,142000000000.0,144000000000.0,147000000000.0,149000000000.0,151000000000.0,153000000000.0,155000000000.0,158000000000.0
Faeroe Islands,11090928.0,11757776.0,12406304.0,12988880.0,13564128.0,14135712.0,14736608.0,15326512.0,15949392.0,16579600.0,17268432.0,18030544.0,18756016.0,19488816.0,20236272.0,20958080.0,21635920.0,22324752.0,22954960.0,23530208.0,24160416.0,24728336.0,25318240.0,25996080.0,26593312.0,27210692.0,27872403.0,28545340.0
Falkland Islands,3631024.0,3671328.0,3711632.0,3751936.0,3792240.0,3836208.0,3880176.0,3927808.0,3964448.0,4001088.0,4037728.0,4081696.0,4125664.0,4173296.0,4224592.0,4275888.0,4334512.0,4393136.0,4451760.0,4510384.0,4565344.0,4620304.0,4675264.0,4730224.0,4785184.0,4785184.0,4785184.0,4785184.0
Fiji,18729778.0,19392903.0,20132935.0,20876595.0,21615192.0,22369087.0,23182254.0,23964690.0,24725794.0,25500817.0,26334421.0,27380371.0,28259824.0,29295898.0,30635882.0,31716888.0,32918261.0,34059400.0,34937158.0,35715718.0,36916963.0,37984864.0,39025939.0,40155115.0,41301618.0,42552318.0,43816443.0,45160830.0
Finland,1492323425.0,1547548692.0,1601829167.0,1658177691.0,1719889259.0,1778030819.0,1842089169.0,1904807440.0,1964182505.0,2023080767.0,2080122299.0,2142661573.0,2207723393.0,2280381762.0,2349343358.0,2406388373.0,2474768192.0,2541523854.0,2600132670.0,2655950897.0,2719942650.0,2776486792.0,2827598682.0,2879500252.0,2927299905.0,2971645985.0,3019572364.0,3065528408.0
France,26944311311.0,27372960765.0,27791405931.0,28190050736.0,28583445652.0,28984009504.0,29400199056.0,29809648935.0,30239437901.0,30665112551.0,31085765260.0,31511647721.0,31932567219.0,32360569979.0,32789497726.0,33222136998.0,33644238253.0,34057136609.0,34463927432.0,34850869522.0,35248769990.0,35621562606.0,35995675228.0,36369933830.0,36713506462.0,37061670133.0,37411774820.0,37768075471.0
French Guiana,7485552.0,8152400.0,8855888.0,9555712.0,10171264.0,10753840.0,11241152.0,11710144.0,12322032.0,12787360.0,13252688.0,13761984.0,14219984.0,14820880.0,15392464.0,15945728.0,16418384.0,16982640.0,17539568.0,18129472.0,18767008.0,19408208.0,19998112.0,20628320.0,21361120.0,21361120.0,21361120.0,21361120.0
French Polynesia,8749632.0,9181984.0,9596016.0,10021040.0,10460720.0,10889408.0,11321760.0,11772432.0,12219440.0,12714080.0,13282000.0,13959840.0,14666992.0,15436432.0,16198544.0,17019280.0,17843680.0,18660752.0,19503472.0,20349856.0,21207232.0,22038960.0,22852368.0,23673104.0,24475520.0,25351176.0,26236867.0,27182548.0
Gabon,116809514.0,121331479.0,126249084.0,131223920.0,135598442.0,140204708.0,144958410.0,149732626.0,154689918.0,159476939.0,164146809.0,168919781.0,173463765.0,178076954.0,182733697.0,187591548.0,191733966.0,195823304.0,199967022.0,204185294.0,208967600.0,213909574.0,218986839.0,224244551.0,229414031.0,234701099.0,240177227.0,245703654.0
Gambia,3220656.0,3400192.0,3579728.0,3766592.0,3953456.0,4151312.0,4349168.0,4547024.0,4759536.0,4990368.0,5235856.0,5488672.0,5778128.0,6067584.0,6360704.0,6653824.0,6961600.0,7313344.0,7679744.0,8060800.0,8493152.0,8940160.0,9394496.0,9826848.0,10339808.0,10856527.0,11408781.0,12030971.0
Georgia,408029119.0,424568096.0,439845052.0,449761343.0,455830378.0,458121783.0,462176902.0,466602046.0,471540682.0,475850416.0,480349826.0,484083576.0,487434960.0,491170467.0,495446705.0,500463704.0,506559833.0,512924609.0,518034989.0,524169917.0,530378989.0,538164409.0,546411815.0,554076147.0,562866955.0,572330573.0,582169452.0,593121176.0
Germany,66796676576.0,67811648862.0,68778354691.0,69735348871.0,70675756860.0,71615843606.0,72576017905.0,73508365264.0,74432769794.0,75329652478.0,76230612569.0,77148089397.0,78049044496.0,78951014361.0,79839010870.0,80706234376.0,81584981507.0,82437077670.0,83291498632.0,84081462154.0,84915147072.0,85725949397.0,86541146806.0,87373789801.0,88167425644.0,88964503810.0,89766256817.0,90565630028.0
Ghana,87718493.0,91583649.0,95471746.0,99906978.0,104735550.0,109889726.0,115358344.0,121562514.0,127808407.0,134177866.0,140278412.0,147010964.0,154242443.0,161679728.0,168831844.0,175635265.0,184795295.0,194414596.0,203340477.0,210838252.0,220548991.0,230082523.0,241602303.0,255883423.0,270005409.0,284452924.0,299556658.0,316321491.0
Gibraltar,2671056.0,2868912.0,3103408.0,3341568.0,3623696.0,3898496.0,4180624.0,4473744.0,4781520.0,5100288.0,5433712.0,5778128.0,6126208.0,6481616.0,6866336.0,7265712.0,7683408.0,8097440.0,8522464.0,8984128.0,9449456.0,9900128.0,10361792.0,10852768.0,11380384.0,11380384.0,11380384.0,11380384.0
Greece,1324782103.0,1408133039.0,1493048837.0,1577278291.0,1663670284.0,1750615925.0,1839714476.0,1933518681.0,2032143452.0,2130085102.0,2233067400.0,2338436372.0,2443447770.0,2552530952.0,2662060973.0,2775986085.0,2888450995.0,3003033628.0,3114146156.0,3218486690.0,3315829666.0,3410361369.0,3501779170.0,3583501750.0,3662157566.0,3737120018.0,3808493099.0,3884493460.0
Greenland,15135984.0,15681920.0,16161904.0,16660208.0,17162176.0,17664144.0,18180768.0,18701056.0,19228672.0,19767280.0,20298560.0,20837168.0,21375776.0,21907056.0,22489632.0,23097856.0,23724400.0,24361936.0,25021456.0,25596704.0,26259888.0,26967040.0,27534960.0,28088224.0,28593856.0,29116546.0,29676768.0,30246493.0
Grenada,1663456.0,1773376.0,1890624.0,2011536.0,2154432.0,2304656.0,2458544.0,2627088.0,2802960.0,2997152.0,3187680.0,3381872.0,3587056.0,3803232.0,4008416.0,4224592.0,4455424.0,4693584.0,4946400.0,5199216.0,5459360.0,5712176.0,5983312.0,6287424.0,6529248.0,6786481.0,7056112.0,7332340.0
Guadeloupe,17763072.0,19049136.0,20390160.0,21764160.0,23182128.0,24644064.0,26193936.0,27798768.0,29868928.0,31759552.0,33672160.0,35745984.0,37856448.0,40084160.0,42396144.0,44616528.0,46770960.0,49101264.0,51387600.0,53695920.0,55993248.0,58422480.0,60965296.0,63519104.0,66083904.0,66083904.0,66083904.0,66083904.0
Guatemala,102015548.0,106967623.0,112885533.0,118462705.0,125213503.0,132292805.0,138863149.0,146364728.0,155004091.0,163811136.0,173576922.0,184044633.0,194975099.0,205631855.0,217056994.0,229406829.0,241823961.0,254195688.0,265363602.0,277051106.0,288412585.0,299933116.0,311579674.0,324876417.0,342801846.0,362605102.0,383542158.0,404420205.0
Guinea,26516368.0,27542288.0,28601184.0,29689392.0,30916244.0,32183244.0,33522695.0,34916946.0,36393261.0,37944974.0,39558099.0,41246280.0,43013935.0,44857957.0,46763689.0,48588361.0,50478985.0,52446553.0,54590492.0,56817049.0,59391969.0,62126685.0,64669473.0,66925895.0,69318032.0,71763317.0,74365036.0,77269714.0
Guinea-Bissau,3440496.0,3616368.0,3795904.0,3979104.0,4162304.0,4345504.0,4528704.0,4730224.0,4902432.0,5096624.0,5243184.0,5393408.0,5547296.0,5741488.0,5943008.0,6155520.0,6371696.0,6602528.0,6829696.0,7064192.0,7302352.0,7547840.0,7800656.0,8057136.0,8328272.0,8602850.0,8896754.0,9228086.0
Guyana,46206704.0,47320560.0,48364800.0,49409040.0,50794032.0,52255968.0,53772864.0,55363040.0,57019168.0,58697280.0,60305776.0,61899616.0,63478800.0,65043328.0,66670144.0,68106432.0,69396160.0,70957024.0,72514224.0,74078752.0,75797168.0,77577872.0,79571088.0,81505680.0,83513552.0,85531426.0,87584165.0,89660737.0
Haiti,20170326.0,21150121.0,22045334.0,22701483.0,23001931.0,23903275.0,24936523.0,26303195.0,27534299.0,28864331.0,30231003.0,31783696.0,33585886.0,35295582.0,37255954.0,39303322.0,41387467.0,43748472.0,46114247.0,48351202.0,50444633.0,52628927.0,54907818.0,57278317.0,60102882.0,63046461.0,66044904.0,69042835.0
Honduras,52519439.0,55169662.0,58199891.0,60997574.0,64289266.0,68115746.0,72006490.0,76087831.0,80670029.0,85337545.0,90271699.0,95880575.0,101870786.0,108531433.0,115774789.0,123201319.0,130050030.0,138648384.0,147133085.0,154814089.0,162614795.0,171388290.0,180175410.0,189046412.0,198322597.0,208377780.0,218953982.0,229623078.0
Hong Kong,445124673.0,473587391.0,506504492.0,541282716.0,572361753.0,603628160.0,632537742.0,663035277.0,701959325.0,744509348.0,784793221.0,822595058.0,862080065.0,905283427.0,946851726.0,990583053.0,1032496770.0,1076069187.0,1119845539.0,1161828338.0,1202302433.0,1245877054.0,1289062981.0,1333826577.0,1379789889.0,1422491903.0,1465727785.0,1508760365.0
Hungary,3333792257.0,3403569528.0,3465978374.0,3529518076.0,3591400804.0,3653013680.0,3716190663.0,3777946563.0,3839294853.0,3901123057.0,3959674718.0,4019846376.0,4079009221.0,4140946004.0,4201352245.0,4261852209.0,4321691641.0,4380213949.0,4437652116.0,4489433167.0,4541553704.0,4591911705.0,4638720200.0,4682487899.0,4726403295.0,4773068501.0,4820646684.0,4870991390.0
Iceland,59204204.0,61321908.0,63584925.0,66005948.0,68367860.0,70832978.0,73353113.0,75968736.0,78604192.0,81445466.0,84379450.0,87242134.0,90230035.0,93209727.0,96310967.0,99279872.0,102426914.0,105920861.0,109715811.0,113446894.0,117067825.0,120554232.0,124042918.0,127524700.0,130986544.0,134522956.0,138012928.0,141492956.0
India,11848166774.0,12504907667.0,13203664617.0,13926558876.0,14690800843.0,15502261630.0,16381088594.0,17296137907.0,18229687165.0,19224920237.0,20254557996.0,21290198710.0,22337794361.0,23429667371.0,24575212605.0,25785358272.0,27072507483.0,28462760974.0,30010752013.0,31730872573.0,33430899968.0,35248071567.0,37231830380.0,39229708958.0,41437242850.0,43713650045.0,46091097909.0,48557863281.0
Indonesia,2899619326.0,3080314615.0,3283973989.0,3503830317.0,3726797959.0,3953467902.0,4208674993.0,4489571513.0,4705676429.0,4949778011.0,5215761195.0,5513531755.0,5821109923.0,6137964091.0,6478040611.0,6821620547.0,7168320267.0,7545442891.0,7963234939.0,8410536027.0,8838325547.0,9439650963.0,10072795995.0,10558926026.0,11018941685.0,11478570441.0,11943427259.0,12430271016.0
Iran,4617819914.0,4843774120.0,5070731132.0,5306307736.0,5569828114.0,5840975639.0,6114983401.0,6382082680.0,6688088934.0,7067715969.0,7436979470.0,7831910833.0,8229709157.0,8643702635.0,9085792329.0,9549322291.0,10053112844.0,10566426677.0,11101336781.0,11648221753.0,12212256261.0,12791296308.0,13391976603.0,14000939485.0,14640050821.0,15270412649.0,15907974802.0,16580287145.0
Iraq,1203190155.0,1248375488.0,1307264829.0,1370394599.0,1441483756.0,1515567942.0,1584852296.0,1652931122.0,1725032598.0,1796713926.0,1868429338.0,1952985261.0,2039306138.0,2130092780.0,2243727783.0,2356708165.0,2454889215.0,2516380971.0,2608548021.0,2712037114.0,2823022461.0,2955852535.0,3106945114.0,3270515514.0,3436883561.0,3604595459.0,3789534193.0,3983988823.0
Ireland,1009136134.0,1042742880.0,1076160862.0,1109810047.0,1144582239.0,1180376618.0,1217787578.0,1256539935.0,1297190037.0,1339567819.0,1384761771.0,1432319125.0,1478353711.0,1523992835.0,1570122576.0,1618227142.0,1665777337.0,1713400283.0,1760700388.0,1802808896.0,1844488413.0,1882497717.0,1920692470.0,1957875318.0,1994556943.0,2033000592.0,2072928710.0,2112667064.0
Israel,628589632.0,664738275.0,706821295.0,751055570.0,798530069.0,848395231.0,900330983.0,955194860.0,1011204158.0,1065958672.0,1125478052.0,1188500406.0,1247800140.0,1310214818.0,1368893937.0,1425417943.0,1487567025.0,1550366932.0,1618347208.0,1682208154.0,1750495055.0,1819089793.0,1893874265.0,1959871335.0,2023421987.0,2089517860.0,2154686078.0,2221239489.0
Italy,11874166575.0,12314260997.0,12753471411.0,13185072385.0,13610563020.0,14062541927.0,14507103501.0,14956569121.0,15416809449.0,15881410902.0,16352178649.0,16828380518.0,17306089856.0,17797570580.0,18293098366.0,18788332381.0,19278082351.0,19758573936.0,20226635996.0,20642568389.0,21067441551.0,21480873056.0,21872863421.0,22236263323.0,22584739563.0,22940222777.0,23290545792.0,23645999964.0
Jamaica,181335548.0,189086146.0,196796915.0,204797191.0,212988150.0,222161556.0,231849269.0,241917364.0,251611399.0,261569587.0,271883577.0,282460104.0,292662593.0,303329566.0,313903789.0,324254376.0,335677795.0,345294850.0,355433285.0,363187537.0,370447136.0,378244741.0,385662930.0,393700970.0,401116296.0,408813984.0,416625405.0,424398054.0
Japan,28811788385.0,29978828902.0,31155771473.0,32325968206.0,33551141627.0,34788994450.0,36038870138.0,37282237270.0,38485947804.0,39725787924.0,40988522386.0,42236609810.0,43513846356.0,44799231768.0,46079267890.0,47366124205.0,48628763657.0,49928815630.0,51158061080.0,52318264713.0,53529837581.0,54791236171.0,56093319098.0,57407388670.0,58671561922.0,59895228397.0,61099547020.0,62304608199.0
Jordan,129861896.0,139537710.0,151520745.0,163294767.0,176544249.0,189751978.0,203578402.0,217651996.0,231903854.0,246169227.0,261369264.0,276979716.0,293400390.0,310382428.0,329051915.0,349488014.0,370015456.0,391452444.0,412170359.0,433506619.0,454120964.0,475364733.0,499177823.0,522917106.0,548674764.0,571842514.0,593472587.0,614829331.0
Kazakhstan,6943216829.0,7200314032.0,7433253221.0,7638497753.0,7809563752.0,7972246887.0,8121249553.0,8262018849.0,8397112612.0,8504435614.0,8637974358.0,8766193043.0,8912975243.0,9077294244.0,9248354323.0,9432673302.0,9635643224.0,9848859622.0,10062240023.0,10271586716.0,10508548791.0,10735628411.0,10969489209.0,11209325921.0,11466182584.0,11729666450.0,12008028378.0,12300616894.0
Kenya,143618828.0,148329179.0,153731263.0,159946400.0,166366845.0,173772300.0,182927272.0,191047013.0,200943032.0,210972356.0,221273926.0,230509580.0,238329177.0,244914749.0,252352743.0,260691342.0,270027893.0,279568319.0,289480031.0,301444111.0,313190076.0,326118137.0,338085293.0,350855767.0,364512175.0,379060790.0,394295004.0,410113224.0
Kiribati,681504.0,703488.0,729136.0,758448.0,787760.0,817072.0,850048.0,875696.0,905008.0,934320.0,963632.0,989280.0,1029584.0,1069888.0,1113856.0,1176144.0,1245760.0,1297056.0,1352016.0,1392320.0,1454608.0,1516896.0,1579184.0,1641472.0,1703760.0,1771733.0,1840486.0,1913895.0
Kuwait,794328626.0,804502844.0,825524695.0,858726710.0,897508432.0,952097411.0,1002011008.0,1056681656.0,1108242247.0,1162064456.0,1215448534.0,1272933215.0,1330913065.0,1390535999.0,1453643931.0,1524810370.0,1598199461.0,1673074239.0,1755372503.0,1842327430.0,1931599655.0,2022229770.0,2124120095.0,2221934767.0,2316698068.0,2419025081.0,2522481035.0,2626874527.0
Kyrgysztan,0.0,0.0,0.0,0.0,0.0,0.0,0.0,0.0,0.0,0.0,0.0,0.0,0.0,0.0,0.0,0.0,0.0,0.0,0.0,0.0,0.0,0.0,0.0,0.0,0.0,0.0,0.0,0.0
Kyrgyzstan,0.0,0.0,11166356.0,19752213.0,25956673.0,30467721.0,36131920.0,41704965.0,47618102.0,52264947.0,56867430.0,60729730.0,65649012.0,71030631.0,76837452.0,82351073.0,87770042.0,94288317.0,101836588.0,108573965.0,114886823.0,122440330.0,132440156.0,142098611.0,151511687.0,161441127.0,171301052.0,181734180.0
Laos,7742032.0,7976528.0,8232333.0,8488135.0,8762253.0,9109649.0,9578400.0,10179019.0,10856546.0,11775860.0,12704728.0,13567479.0,14693995.0,15768058.0,17134809.0,18512120.0,20019146.0,20882770.0,21781876.0,22921991.0,24420015.0,25886889.0,27401546.0,28803091.0,30476239.0,32221226.0,34119762.0,36077735.0
Latvia,381881083.0,399919717.0,414186954.0,426174716.0,436594980.0,445762564.0,455006106.0,463712924.0,472041836.0,479779806.0,486878852.0,494395178.0,501938112.0,509678782.0,517429738.0,525264893.0,533598200.0,542253265.0,550471989.0,557952693.0,566599649.0,574482329.0,582066184.0,589489776.0,596728530.0,604062191.0,611325809.0,618492628.0
Lebanon,185771819.0,193886686.0,203613622.0,213983236.0,225111936.0,237392114.0,250177716.0,265310083.0,281625605.0,298083837.0,313550101.0,329956334.0,346200719.0,364728188.0,381935876.0,398589355.0,413381387.0,427134202.0,444560260.0,465530770.0,485545942.0,505810070.0,528178903.0,550375263.0,574079083.0,595348268.0,615105675.0,634652476.0
Lesotho,1472928.0,3000816.0,4587328.0,6221472.0,7895920.0,9603344.0,11340080.0,13109792.0,14912480.0,16737152.0,18587472.0,20463440.0,22368720.0,24299648.0,26281872.0,28293408.0,30330592.0,32404416.0,34529536.0,36746256.0,39021600.0,41351904.0,43755488.0,46188384.0,48654256.0,51139004.0,53600907.0,56424722.0
Liberia,31818417.0,32096881.0,32378354.0,32692799.0,33004239.0,33329666.0,33665408.0,34012811.0,34385856.0,34776531.0,35190977.0,35675625.0,36157932.0,36676040.0,37279775.0,37990241.0,38721369.0,39371055.0,39924444.0,40432743.0,41215880.0,42096861.0,43108284.0,44043734.0,44945457.0,45858339.0,46827371.0,47905144.0
Libya,636790190.0,679409337.0,716434309.0,755143289.0,798896296.0,844587374.0,888384177.0,933090709.0,978249630.0,1022552971.0,1069345962.0,1117119760.0,1164591964.0,1213372948.0,1263328782.0,1315025067.0,1367691385.0,1417031130.0,1472372605.0,1529568214.0,1590689859.0,1629954473.0,1682363217.0,1738365468.0,1795093357.0,1847257937.0,1898568306.0,1951955718.0
Liechtenstein,0.0,0.0,0.0,0.0,0.0,0.0,0.0,0.0,0.0,0.0,0.0,0.0,0.0,0.0,0.0,0.0,0.0,200764.0,420268.0,625620.0,816426.0,993206.0,1178524.0,1371064.0,1532165.0,1691050.0,1839412.0,2000665.0
Lithuania,606934508.0,644817791.0,666004853.0,682336994.0,698085213.0,713089360.0,728748180.0,743818376.0,759706416.0,773113934.0,784901959.0,797398085.0,810000457.0,822592337.0,835759661.0,849848985.0,864251943.0,880015212.0,895095057.0,907923062.0,921635694.0,935702333.0,949836082.0,962942391.0,975817059.0,988958651.0,1002116108.0,1015509983.0
Luxembourg,446757456.0,459181483.0,471361677.0,483682307.0,495191257.0,504309337.0,513474817.0,521993579.0,529632952.0,537723410.0,546396280.0,555562404.0,565504652.0,575916286.0,587701517.0,599749914.0,611629171.0,622898005.0,634030265.0,644618718.0,655773007.0,666823377.0,677611458.0,687844797.0,697602303.0,706861962.0,715864917.0,725159607.0
Macao,12677440.0,13769312.0,14850192.0,16030000.0,17301408.0,18532512.0,19939488.0,21427072.0,22984272.0,24501168.0,26131648.0,27817088.0,29333984.0,30865536.0,32580288.0,34408624.0,36028112.0,37563328.0,38900688.0,40970848.0,42377824.0,43825104.0,45136816.0,46316624.0,47599024.0,49013505.0,50435741.0,51947913.0
Macedonia,291473053.0,301617717.0,312386213.0,322718693.0,333179413.0,344010197.0,355742325.0,366367925.0,378983077.0,390696885.0,402751445.0,414740053.0,425666101.0,436965877.0,448148405.0,459418869.0,470348581.0,479834677.0,489229173.0,497920181.0,506515925.0,515906757.0,524865237.0,532706197.0,540210069.0,547467616.0,554611635.0,561863099.0
Madagascar,31969846.0,32997893.0,33996591.0,35020900.0,36285325.0,37546063.0,38905032.0,40550444.0,42283087.0,44195238.0,46062702.0,47798180.0,49030089.0,50710563.0,52499928.0,54225322.0,55891547.0,57674990.0,59543559.0,61297455.0,63235798.0,65550428.0,68228026.0,71317561.0,74364764.0,77412192.0,80456539.0,83638600.0
Malawi,16443919.0,17228604.0,18013871.0,18893015.0,19797729.0,20704692.0,21608951.0,22556320.0,23478360.0,24402838.0,25256688.0,26103813.0,26943136.0,27843148.0,28761988.0,29620426.0,30512546.0,31378804.0,32407285.0,33325959.0,34447579.0,35603534.0,36679457.0,37867941.0,39093302.0,40368520.0,41684057.0,43051513.0
Malaysia,765402611.0,833257411.0,907725968.0,998562496.0,1091576471.0,1211611670.0,1335728565.0,1459256243.0,1572367292.0,1679254480.0,1803793866.0,1937961023.0,2070177475.0,2226570969.0,2388658984.0,2561145555.0,2726726109.0,2909181850.0,3110762165.0,3307206260.0,3523198564.0,3740877812.0,3956773030.0,4190601522.0,4430656619.0,4675754241.0,4926843845.0,5181419717.0
Maldives,967296.0,1121184.0,1352016.0,1549872.0,1747728.0,1996880.0,2286336.0,2616096.0,2916544.0,3337904.0,3788576.0,4250240.0,4843808.0,5349440.0,6016288.0,6617184.0,7375632.0,8156064.0,8998784.0,9881808.0,10816128.0,11801744.0,12911936.0,14003808.0,15337504.0,16792933.0,18265039.0,19836857.0
Mali,9273898.0,9707964.0,10149343.0,10601701.0,11062038.0,11529693.0,12015659.0,12536900.0,13299012.0,14094100.0,14914836.0,15742900.0,16589284.0,17432004.0,18307700.0,19205380.0,20147028.0,21154628.0,22224516.0,23030596.0,23994228.0,25038468.0,26031412.0,27057332.0,28467972.0,29896521.0,31425616.0,33149434.0
Malta,31797593.0,33908168.0,36227621.0,38561534.0,41064065.0,43562366.0,46032334.0,48547381.0,51063432.0,53633719.0,56204587.0,58672701.0,61116620.0,63778977.0,66336254.0,69002273.0,71681716.0,74437761.0,77261505.0,79845824.0,82436041.0,85091310.0,87901830.0,90375764.0,92838760.0,94596514.0,96016791.0,97461275.0
Marshall Islands,0.0,0.0,54960.0,117248.0,183200.0,249152.0,315104.0,381056.0,450672.0,516624.0,593568.0,674176.0,758448.0,842720.0,930656.0,1014928.0,1106528.0,1205456.0,1304384.0,1406976.0,1509568.0,1612160.0,1714752.0,1817344.0,1919936.0,2031892.0,2145131.0,2266040.0
Martinique,25288928.0,26688576.0,28282416.0,29865264.0,31499408.0,33137216.0,34775024.0,36405504.0,38032320.0,39662800.0,41403200.0,43220544.0,45004912.0,47001792.0,49071952.0,51274016.0,53399136.0,55330064.0,57202368.0,59228560.0,61236432.0,63453152.0,65666208.0,67875600.0,70172928.0,70172928.0,70172928.0,70172928.0
Mauritania,21500352.0,22368720.0,23273728.0,24200720.0,25157024.0,26171952.0,27234512.0,28311728.0,29381616.0,30477152.0,31591008.0,32763488.0,34012912.0,35302640.0,36687632.0,38123920.0,39545552.0,41183360.0,42956736.0,44916976.0,46877216.0,48987680.0,51317984.0,53640960.0,55963936.0,58316404.0,60834446.0,63673149.0
Mauritius,20067728.0,21588288.0,23295712.0,25069088.0,26692240.0,28520576.0,30469824.0,32466704.0,34635792.0,37061360.0,39750736.0,42612320.0,45495888.0,48555328.0,51644080.0,54938016.0,58565376.0,62251360.0,66017952.0,69725920.0,73639072.0,77555888.0,81520336.0,85587376.0,89811968.0,93973881.0,98060513.0,102339737.0
Mexico,7375123360.0,7706497689.0,8040705685.0,8380178592.0,8733416746.0,9066426520.0,9413848515.0,9784254901.0,10174434246.0,10566758700.0,10964658366.0,11377285768.0,11791258343.0,12231044393.0,12671844029.0,13137757657.0,13616561294.0,14098886754.0,14594191769.0,15072580769.0,15538671421.0,16025174631.0,16523833153.0,17016392882.0,17498920775.0,17976194427.0,18481174375.0,18971469004.0
Micronesia (country),0.0,0.0,98928.0,197856.0,300448.0,406704.0,512960.0,622880.0,740128.0,850048.0,974624.0,1143168.0,1286064.0,1428960.0,1571856.0,1692768.0,1813680.0,1952912.0,2070160.0,2231376.0,2344960.0,2465872.0,2601440.0,2744336.0,2894560.0,3058496.0,3224310.0,3401355.0
Middle East,15309183264.0,16215423788.0,17190925124.0,18248802383.0,19354139144.0,20427119742.0,21509962999.0,22573316451.0,23715831384.0,24950588135.0,26310847287.0,27690296821.0,29088200125.0,30577391247.0,32198107889.0,33882410934.0,35687146925.0,37489084913.0,39428477552.0,41444882020.0,43547146140.0,45704106288.0,48012211196.0,50289408635.0,52724475683.0,55234106667.0,57801288093.0,60473230861.0
Moldova,0.0,0.0,21080650.0,37051038.0,49441362.0,60846768.0,72533858.0,79835202.0,86279059.0,90963615.0,94536567.0,98323156.0,102374891.0,106779159.0,111392583.0,116330337.0,121360084.0,126338638.0,131529018.0,136068530.0,140899435.0,145862730.0,150628411.0,155527770.0,160271930.0,165220672.0,170421028.0,175514617.0
Mongolia,161998675.0,174119685.0,185113573.0,194376197.0,202303257.0,210202607.0,218225933.0,225914341.0,233601809.0,241137033.0,248623879.0,256493803.0,264756323.0,272764199.0,281334915.0,289908645.0,299314397.0,311393141.0,323409825.0,336483839.0,350303789.0,371730279.0,397919969.0,436609311.0,457409029.0,477765393.0,506446358.0,536837014.0
Montenegro,51841396.0,53645725.0,55561010.0,57228812.0,58851236.0,60565034.0,62571073.0,64726407.0,66995571.0,68560383.0,70298806.0,72166390.0,74162982.0,76298183.0,78631773.0,80840692.0,83222292.0,85471988.0,88219988.0,90044660.0,92624116.0,95192580.0,97526548.0,99772580.0,101981972.0,104421155.0,106994645.0,109622459.0
Montserrat,487312.0,516624.0,545936.0,575248.0,608224.0,641200.0,677840.0,710816.0,740128.0,769440.0,795088.0,820736.0,857376.0,894016.0,930656.0,967296.0,1003936.0,1044240.0,1091872.0,1139504.0,1205456.0,1245760.0,1289728.0,1341024.0,1388656.0,1438382.0,1489072.0,1539754.0
Morocco,404409873.0,429336468.0,455322496.0,483484572.0,513067988.0,543349857.0,574415478.0,606099226.0,637915678.0,670802807.0,704379723.0,741805585.0,779879541.0,817374951.0,860737111.0,906262215.0,953653011.0,1003883432.0,1056744456.0,1109334804.0,1165534788.0,1223232213.0,1285715529.0,1344545965.0,1404170789.0,1465214016.0,1526499744.0,1589225046.0
Mozambique,84861470.0,85876575.0,86877892.0,87953130.0,89010379.0,90118887.0,91143310.0,92247829.0,93360220.0,94527439.0,95850211.0,97404081.0,98942691.0,100799371.0,102663917.0,104434654.0,106349455.0,108536593.0,110716515.0,113156434.0,115790329.0,118897679.0,121878453.0,125752229.0,134005854.0,143024297.0,152830723.0,163105098.0
Myanmar,198965602.0,203102267.0,207943861.0,213245688.0,219441865.0,226348203.0,233551782.0,240996267.0,249033326.0,257963364.0,268005862.0,276686107.0,285839905.0,295620077.0,307991306.0,319523948.0,332300716.0,345095780.0,354810930.0,364955446.0,377398075.0,391619558.0,402569792.0,415289812.0,436750135.0,460190802.0,484208427.0,484208427.0
Namibia,0.0,1055232.0,2205728.0,3594384.0,5166240.0,6785728.0,8507808.0,10277520.0,12109520.0,13772976.0,15414448.0,17429648.0,19188368.0,21060672.0,23020912.0,25329232.0,27659536.0,30019152.0,33342400.0,36409168.0,39505248.0,42270064.0,45634184.0,48235339.0,51958750.0,55877223.0,59876068.0,63941325.0
Nauru,2722352.0,2846928.0,2967840.0,3081424.0,3191344.0,3297600.0,3400192.0,3502784.0,3601712.0,3693312.0,3777584.0,3858192.0,3935136.0,4001088.0,4067040.0,4129328.0,4173296.0,4217264.0,4261232.0,4301536.0,4345504.0,4385808.0,4426112.0,4470080.0,4517712.0,4569692.0,4622267.0,4678403.0
Nepal,12873297.0,13821176.0,15129612.0,16570119.0,18237248.0,20240638.0,22695931.0,25455475.0,27678774.0,30868545.0,33906562.0,37143342.0,39738427.0,42548453.0,45186516.0,48238115.0,50767514.0,53345743.0,56730028.0,60921083.0,65815088.0,71091548.0,76613265.0,82898009.0,90560020.0,98145451.0,106671407.0,115699603.0
Netherlands,6658403859.0,6829223684.0,6999878571.0,7170674797.0,7342073196.0,7515105903.0,7697579101.0,7872871483.0,8049273644.0,8220264921.0,8392200722.0,8569280156.0,8745655055.0,8925479254.0,9106932569.0,9284463451.0,9457200153.0,9629800614.0,9805319833.0,9975500246.0,10157679881.0,10326798581.0,10491747325.0,10656504601.0,10813851663.0,10978881540.0,11144403609.0,11308449554.0
New Caledonia,55953305.0,57711293.0,59286043.0,61113569.0,63083951.0,65148188.0,67333291.0,69151948.0,70961964.0,73017468.0,75239027.0,77116705.0,79510116.0,82236774.0,84752901.0,87561945.0,90267938.0,93195948.0,96044939.0,99000148.0,102520705.0,106148727.0,109760939.0,113986542.0,118261407.0,122710478.0,127943317.0,133507792.0
New Zealand,877999747.0,904117819.0,932230388.0,959937357.0,987826114.0,1015979550.0,1045354778.0,1076710867.0,1106645300.0,1138173867.0,1170533025.0,1205115692.0,1239884410.0,1276377502.0,1312442420.0,1350089994.0,1387610074.0,1424252121.0,1461907852.0,1496714551.0,1531725250.0,1566054066.0,1602023329.0,1637237794.0,1672848198.0,1708685306.0,1743148237.0,1779162164.0
Nicaragua,54599657.0,56587548.0,58961197.0,61244601.0,63762480.0,66517328.0,69364692.0,72478293.0,75870154.0,79468574.0,83189635.0,87111672.0,91102501.0,95437766.0,99816028.0,104085761.0,108499923.0,113050358.0,117415614.0,121853133.0,126322122.0,131123773.0,135672613.0,140148625.0,144929803.0,149998381.0,155298212.0,160721077.0
Niger,13937583.0,14657441.0,15354646.0,16132440.0,16902889.0,17709959.0,18608611.0,19514572.0,20468147.0,21418040.0,22110743.0,22762380.0,23457200.0,24210561.0,25018799.0,25727276.0,26413552.0,27130457.0,27933513.0,28895814.0,30064979.0,31382828.0,33239277.0,35174325.0,37297000.0,39386385.0,41620891.0,44106013.0
Nigeria,1297503546.0,1339432665.0,1385697781.0,1430511156.0,1465444882.0,1501020179.0,1540420791.0,1582481915.0,1620069670.0,1660088865.0,1735848822.0,1821283911.0,1914679979.0,2015985614.0,2119973271.0,2225679106.0,2324140740.0,2418596745.0,2513529935.0,2589070654.0,2679386011.0,2773611423.0,2870178239.0,2966052554.0,3060037913.0,3163862456.0,3265434282.0,3372735176.0
Niue,80608.0,87936.0,95264.0,102592.0,109920.0,117248.0,124576.0,131904.0,139232.0,146560.0,153888.0,161216.0,168544.0,172208.0,175872.0,179536.0,183200.0,186864.0,194192.0,197856.0,201520.0,208848.0,216176.0,223504.0,234496.0,246491.0,258624.0,271579.0
North Korea,3129986447.0,3247213020.0,3350175613.0,3445044140.0,3531763639.0,3613023486.0,3684632067.0,3749764673.0,3808533505.0,3872632890.0,3941798916.0,4013463870.0,4082106771.0,4152243264.0,4223965251.0,4298883957.0,4375056808.0,4438536025.0,4508864151.0,4578737952.0,4644425175.0,4691663245.0,4739892544.0,4775049204.0,4814703580.0,4853107486.0,4908032713.0,4966052271.0
Norway,1439648450.0,1473717784.0,1508549677.0,1545081240.0,1583527197.0,1622004417.0,1663598251.0,1705297161.0,1747253824.0,1789963312.0,1832179197.0,1875739041.0,1918406088.0,1962327870.0,2006664881.0,2050225589.0,2094148937.0,2140000827.0,2184903849.0,2228109253.0,2273932530.0,2318915087.0,2363475907.0,2407778561.0,2451731224.0,2496394959.0,2540426581.0,2585216441.0
Oman,142042885.0,153720848.0,165705459.0,179062095.0,194243788.0,210013826.0,224980779.0,240324168.0,256730232.0,277288177.0,299027862.0,319133825.0,344368220.0,376395705.0,403986913.0,433453509.0,472499886.0,515631210.0,557741912.0,598256519.0,645006604.0,698269713.0,756612679.0,817269908.0,877643787.0,941864909.0,1006307031.0,1071493410.0
Pakistan,917864640.0,985342481.0,1057357503.0,1134534074.0,1218553391.0,1302168474.0,1395705897.0,1489493461.0,1586235541.0,1685626013.0,1791044388.0,1898170580.0,2011074225.0,2128564942.0,2258524417.0,2393280653.0,2537007353.0,2692851519.0,2848207764.0,3003426812.0,3161191553.0,3319533522.0,3479261119.0,3639856816.0,3802284444.0,3974374439.0,4161779858.0,4360589827.0
Palau,4195280.0,4429776.0,4664272.0,4898768.0,5133264.0,5367760.0,5602256.0,5840416.0,6078576.0,6320400.0,6569552.0,6822368.0,7071520.0,7324336.0,7577152.0,7837296.0,8101104.0,8361248.0,8614064.0,8859552.0,9112368.0,9365184.0,9618000.0,9874480.0,10134624.0,10418513.0,10705654.0,11012245.0
Palestine,861040.0,1744064.0,2660064.0,3594384.0,4561680.0,5506992.0,6543904.0,7408608.0,8870544.0,10237216.0,11897008.0,13245360.0,14399520.0,15678256.0,17872992.0,20613664.0,22878016.0,25200992.0,27252832.0,29341312.0,31374832.0,33620864.0,35819264.0,38255824.0,41091760.0,43645821.0,45986350.0,48304340.0
Panama,85217250.0,88439617.0,92665580.0,96565185.0,100857150.0,103796761.0,108371785.0,113965082.0,119854788.0,125465094.0,131182102.0,138122011.0,143929276.0,150004940.0,155716681.0,162457769.0,169725904.0,176815954.0,183997651.0,192417005.0,201416441.0,211317286.0,221169154.0,231619187.0,240170353.0,249778151.0,259974130.0,270033082.0
Papua New Guinea,40864592.0,42927424.0,44979264.0,46972480.0,49152560.0,51211728.0,53399136.0,55974928.0,58836512.0,61280400.0,63944128.0,67150128.0,70634592.0,74577056.0,79061792.0,83443936.0,87749136.0,93864352.0,98656864.0,103746160.0,108482542.0,113782495.0,118833076.0,124991218.0,131281119.0,138158059.0,145094663.0,152482152.0
Paraguay,34696082.0,36813529.0,39326571.0,42168622.0,45566727.0,49497279.0,53216154.0,57374942.0,61838745.0,66302286.0,69956169.0,73738949.0,77607359.0,81641221.0,85694486.0,89483192.0,93420327.0,97503087.0,101875933.0,106373086.0,111399091.0,116646970.0,121840454.0,127167766.0,132761279.0,138459551.0,144248102.0,150098368.0
Peru,822319023.0,842493662.0,862804565.0,886283007.0,909402355.0,933084598.0,957268625.0,984514231.0,1012086248.0,1041233010.0,1071311278.0,1098239950.0,1125170521.0,1151275122.0,1182830667.0,1219563714.0,1253974615.0,1296375853.0,1336708050.0,1387552517.0,1444230405.0,1492921687.0,1546859280.0,1602843347.0,1663427348.0,1726176861.0,1792518047.0,1857299524.0
Philippines,902983940.0,946455127.0,994748931.0,1043678122.0,1097801467.0,1157750204.0,1219003885.0,1289066495.0,1357319454.0,1425496093.0,1497842528.0,1568147091.0,1638302233.0,1708516918.0,1781287671.0,1854558964.0,1921080878.0,1991844953.0,2069144944.0,2144912016.0,2227844946.0,2311379786.0,2400306922.0,2496029859.0,2599054891.0,2712878046.0,2832151729.0,2959759692.0
Poland,17834830129.0,18208208329.0,18571927257.0,18936492601.0,19296103678.0,19657407529.0,20032712173.0,20399282289.0,20736623820.0,21064276269.0,21381373530.0,21694919199.0,22000649742.0,22319065301.0,22641604250.0,22963273096.0,23297895918.0,23632261611.0,23959709823.0,24273854403.0,24605985114.0,24937679753.0,25261896375.0,25581807633.0,25889362760.0,26199977903.0,26522211857.0,26848816401.0
Portugal,933986661.0,981192874.0,1032651394.0,1082721444.0,1133541807.0,1188332743.0,1240430820.0,1295539597.0,1355137213.0,1422360718.0,1488405064.0,1554109239.0,1623665968.0,1688103156.0,1755323682.0,1824821054.0,1889591231.0,1951861359.0,2011784885.0,2068862008.0,2121743807.0,2173445608.0,2223323507.0,2271405450.0,2319361228.0,2371556428.0,2421831220.0,2476694776.0
Qatar,293534451.0,311179722.0,337912467.0,368560356.0,398715130.0,430432277.0,462636041.0,500029568.0,532300611.0,563571686.0,598137836.0,639352370.0,680054306.0,721353663.0,764063993.0,814754072.0,877950240.0,940849667.0,1005106764.0,1073703655.0,1145623567.0,1225271140.0,1318490560.0,1402643073.0,1509514275.0,1630061485.0,1748751275.0,1878554596.0
Reunion,18536176.0,19899184.0,21438064.0,22878016.0,24501168.0,26263552.0,28205472.0,30436848.0,32954016.0,35522480.0,38380400.0,41417856.0,44433328.0,47408496.0,50412976.0,53857136.0,57477168.0,61335360.0,65277824.0,69377840.0,73543808.0,77812368.0,82058944.0,86155296.0,90324928.0,90324928.0,90324928.0,90324928.0
Romania,5595127629.0,5736094387.0,5866380435.0,5988007624.0,6107678372.0,6232515303.0,6360792934.0,6480058826.0,6584814485.0,6673496783.0,6767035165.0,6865912229.0,6965064107.0,7068640800.0,7171515230.0,7272481847.0,7376612407.0,7485172100.0,7590537497.0,7677742920.0,7761294178.0,7850637396.0,7936958321.0,8013787519.0,8090948006.0,8168736227.0,8243787884.0,8323783409.0
Russia,55551702520.0,57988740602.0,59981958231.0,61872893233.0,63542530377.0,65182793595.0,66789742610.0,68291880035.0,69776732259.0,71289716964.0,72789333174.0,74327577573.0,75856539320.0,77419011671.0,78989875869.0,80578538733.0,82227197467.0,83874926408.0,85554720858.0,87127159867.0,88784720546.0,90497145315.0,92223244815.0,93889233389.0,95556344096.0,97228239175.0,98896309108.0,101000000000.0
Rwanda,9083027.0,9565138.0,10047212.0,10536578.0,11008570.0,11469565.0,11945511.0,12438394.0,12920248.0,13423363.0,13944065.0,14466907.0,14988178.0,15498292.0,16015568.0,16532680.0,17049410.0,17594897.0,18125466.0,18689892.0,19269022.0,19921131.0,20645657.0,21436042.0,22259614.0,23176503.0,24160679.0,25185419.0
Saint Helena,54960.0,62288.0,69616.0,80608.0,91600.0,102592.0,113584.0,124576.0,135568.0,146560.0,157552.0,168544.0,179536.0,190528.0,201520.0,212512.0,223504.0,234496.0,245488.0,256480.0,267472.0,278464.0,289456.0,300448.0,311440.0,322915.0,334613.0,346309.0
Saint Kitts and Nevis,626544.0,732800.0,842720.0,956304.0,1077216.0,1205456.0,1337360.0,1480256.0,1630480.0,1791696.0,1963904.0,2139776.0,2337632.0,2535488.0,2748000.0,2945856.0,3147376.0,3363552.0,3579728.0,3803232.0,4023072.0,4253904.0,4473744.0,4697248.0,4928080.0,5169058.0,5414713.0,5660325.0
Saint Lucia,2660064.0,2828608.0,3030128.0,3253632.0,3513776.0,3825216.0,4151312.0,4459088.0,4766864.0,5085632.0,5415392.0,5778128.0,6104224.0,6463296.0,6818704.0,7185104.0,7551504.0,7936224.0,8331936.0,8716656.0,9119696.0,9526400.0,9933104.0,10339808.0,10746512.0,11171092.0,11603913.0,12036657.0
Saint Pierre and Miquelon,1729408.0,1832000.0,1927264.0,2000544.0,2070160.0,2139776.0,2209392.0,2257024.0,2311984.0,2366944.0,2421904.0,2476864.0,2535488.0,2601440.0,2663728.0,2729680.0,2795632.0,2861584.0,2927536.0,2993488.0,3063104.0,3132720.0,3202336.0,3275616.0,3352560.0,3432886.0,3514771.0,3596642.0
Saint Vincent and the Grenadines,1238432.0,1315376.0,1399648.0,1502240.0,1623152.0,1751392.0,1883296.0,2015200.0,2176416.0,2341296.0,2487856.0,2667392.0,2854256.0,3052112.0,3271952.0,3491792.0,3711632.0,3938800.0,4165968.0,4477408.0,4697248.0,4895104.0,5147920.0,5356768.0,5565616.0,5783644.0,6005903.0,6228123.0
Samoa,2114128.0,2220384.0,2330304.0,2440224.0,2553808.0,2671056.0,2795632.0,2923872.0,3055776.0,3191344.0,3334240.0,3480800.0,3627360.0,3781248.0,3931472.0,4092688.0,4257568.0,4429776.0,4609312.0,4796176.0,4983040.0,5184560.0,5382416.0,5580272.0,5778128.0,5994043.0,6212433.0,6445614.0
Sao Tome and Principe,916000.0,963632.0,1011264.0,1058896.0,1106528.0,1154160.0,1201792.0,1249424.0,1297056.0,1344688.0,1392320.0,1443616.0,1502240.0,1568192.0,1641472.0,1718416.0,1802688.0,1886960.0,1971232.0,2062832.0,2161760.0,2264352.0,2377936.0,2491520.0,2605104.0,2719828.0,2837347.0,2954820.0
Saudi Arabia,3167612437.0,3434998613.0,3720072727.0,4033400112.0,4340873360.0,4575585309.0,4833848956.0,5049645698.0,5256876214.0,5482852694.0,5779206015.0,6075780906.0,6401462082.0,6727979197.0,7122563990.0,7518418750.0,7949710718.0,8336217865.0,8768554275.0,9234398584.0,9752114531.0,10249773541.0,10812953034.0,11353758266.0,11955654331.0,12576537288.0,13208086495.0,13843097583.0
Senegal,61870432.0,65248397.0,68671845.0,72209820.0,76046574.0,79475530.0,83138774.0,86321129.0,89654188.0,93257760.0,97067066.0,101247289.0,105593145.0,110398044.0,115386550.0,120926128.0,125347890.0,130174535.0,134913569.0,139117297.0,146397370.0,154216797.0,161579664.0,169429605.0,177735418.0,185850325.0,194391925.0,203710385.0
Republic of Serbia,1172254925.0,1212973878.0,1256267701.0,1294008485.0,1330706913.0,1369482115.0,1414874866.0,1463667550.0,1515047192.0,1550487300.0,1589867846.0,1632145403.0,1677318420.0,1725616885.0,1778354711.0,1828233940.0,1881993525.0,1934179367.0,1985969107.0,2031895107.0,2077591467.0,2126548547.0,2170273023.0,2214818851.0,2252007973.0,2293345455.0,2336696451.0,2381789224.0
Seychelles,2257024.0,2429232.0,2601440.0,2784640.0,2986160.0,3184016.0,3418512.0,3759264.0,4191616.0,4700912.0,5272496.0,5906368.0,6444976.0,6994576.0,7731040.0,8419872.0,9152672.0,9793872.0,10486368.0,11010320.0,11453664.0,11794416.0,12234096.0,12637136.0,13131776.0,13671491.0,14254463.0,14863511.0
Sierra Leone,18792656.0,19338592.0,19785600.0,20232608.0,20694272.0,21042352.0,21434400.0,21797136.0,22159872.0,22504288.0,22892672.0,23405632.0,23940576.0,24508496.0,25061760.0,25523424.0,26138976.0,26655600.0,27190544.0,27725488.0,28300736.0,29044528.0,29905568.0,30938816.0,32078320.0,33232291.0,34467482.0,35859969.0
Singapore,668194825.0,713244233.0,761456896.0,812328009.0,873672570.0,915514359.0,964863608.0,1022935362.0,1071291773.0,1121162291.0,1170018593.0,1219460689.0,1266633390.0,1297725963.0,1326176923.0,1356511179.0,1387285115.0,1407195291.0,1443300347.0,1499187339.0,1554784875.0,1599969323.0,1636312539.0,1691943051.0,1748269723.0,1808990287.0,1871819432.0,1936584508.0
Sint Maarten (Dutch part),33610650.0,34040878.0,34395333.0,34942498.0,35467077.0,35986192.0,36471791.0,36979977.0,37008028.0,37218224.0,37775953.0,38343883.0,38891412.0,39439305.0,40014157.0,40583908.0,41177702.0,41846176.0,42489149.0,43147059.0,43600237.0,44178366.0,44178366.0,44178366.0,44178366.0,44943376.0,45723234.0,46502953.0
Slovakia,1610486381.0,1664103451.0,1713259401.0,1759918374.0,1803746247.0,1848612763.0,1893778298.0,1938982611.0,1983157762.0,2026498544.0,2068031698.0,2111868256.0,2153919747.0,2196346522.0,2239337686.0,2282245173.0,2324848892.0,2365797961.0,2407282551.0,2444921977.0,2483548496.0,2521481341.0,2557590394.0,2593224329.0,2626789000.0,2660686477.0,2694683249.0,2730069466.0
Slovenia,333807189.0,347802223.0,361798235.0,376090905.0,390724686.0,405969139.0,421874959.0,438107955.0,454056179.0,469379621.0,484809715.0,501173012.0,517681216.0,533951350.0,550582014.0,567510820.0,584634826.0,601894787.0,620092178.0,636402188.0,652754816.0,669095388.0,684896143.0,700063220.0,713575796.0,727174938.0,741574727.0,756184328.0
Solomon Islands,2520832.0,2667392.0,2810288.0,2953184.0,3092416.0,3235312.0,3378208.0,3521104.0,3664000.0,3814224.0,3964448.0,4122000.0,4279552.0,4440768.0,4601984.0,4763200.0,4928080.0,5107616.0,5294480.0,5488672.0,5686528.0,5884384.0,6082240.0,6283760.0,6485280.0,6705194.0,6927627.0,7165127.0
Somalia,14919396.0,15625898.0,16305438.0,16944660.0,17572876.0,18160775.0,18728695.0,19267303.0,19780263.0,20271239.0,20751223.0,21253191.0,21839431.0,22432999.0,23026567.0,23620135.0,24213703.0,24821927.0,25422823.0,26020055.0,26631943.0,27236503.0,27844727.0,28452951.0,29061175.0,29724825.0,30441664.0,31190568.0
South Africa,8617879970.0,8943607143.0,9244636475.0,9564974564.0,9903363232.0,10264727372.0,10628213838.0,11013334529.0,11390110805.0,11764428366.0,12142159272.0,12513299848.0,12868753906.0,13271989174.0,13720528242.0,14135579092.0,14581287756.0,15045262756.0,15539389912.0,16040766850.0,16513249430.0,16982176670.0,17449257316.0,17913876373.0,18401882557.0,18862999143.0,19331044546.0,19787369762.0
South Korea,3163774374.0,3425812690.0,3708006733.0,4029844509.0,4374108263.0,4748100693.0,5149630567.0,5577416635.0,5940964895.0,6339290153.0,6784731036.0,7233281612.0,7696909627.0,8159316945.0,8637922725.0,9097268389.0,9562874298.0,10056227516.0,10562010071.0,11068774611.0,11634735536.0,12223170623.0,12806802599.0,13398342333.0,13984890342.0,14575447863.0,15170521542.0,15786618228.0
South Sudan,9489149.0,9896464.0,10261032.0,10512627.0,10857959.0,11215809.0,11584957.0,12036240.0,12427372.0,12851480.0,13312228.0,13842592.0,14518600.0,15273995.0,16228467.0,17142940.0,18143212.0,19319356.0,20561147.0,21856981.0,23184265.0,24488039.0,24488039.0,24488039.0,24488039.0,26119178.0,27881048.0,29721727.0
Spain,6227127874.0,6468592871.0,6718919795.0,6960737621.0,7214971669.0,7482803856.0,7738251852.0,8006310574.0,8282946544.0,8583123105.0,8895049164.0,9208941158.0,9542948274.0,9880927507.0,10235213162.0,10604177295.0,10964456534.0,11332590137.0,11669080256.0,11966328397.0,12250205887.0,12534800636.0,12814071919.0,13066754630.0,13321950369.0,13593677569.0,13854663465.0,14136085452.0
Sri Lanka,121825549.0,125962579.0,131068563.0,136044170.0,141479952.0,147295450.0,154265618.0,161785177.0,169521489.0,178039061.0,188172878.0,198500144.0,209446827.0,220398955.0,232545124.0,244480318.0,256273974.0,268425285.0,280413101.0,293356585.0,306406886.0,321293489.0,337069239.0,352322537.0,370481468.0,391194906.0,413145633.0,436284059.0
Sudan,121817008.0,126704784.0,131079600.0,134098736.0,138242720.0,142536928.0,146966704.0,152382096.0,157075680.0,162164976.0,167693952.0,174058320.0,182170416.0,191235152.0,202688816.0,213662496.0,225665760.0,239779488.0,254680976.0,270230992.0,286158400.0,301803680.0,301803680.0,301803680.0,301803680.0,318100566.0,335588441.0,353794293.0
Suriname,50928243.0,52977696.0,55041787.0,57080212.0,59121932.0,61181952.0,63263935.0,65367880.0,67471804.0,69594027.0,71785845.0,74149198.0,75709828.0,77248166.0,78804517.0,80393536.0,82132592.0,83889462.0,85825169.0,87820517.0,90215872.0,92175647.0,94419997.0,96322152.0,98297939.0,100295158.0,102325938.0,104379605.0
Swaziland,9475104.0,9801200.0,10065008.0,10196912.0,10680560.0,11134896.0,11475648.0,12677440.0,13890224.0,15128656.0,16315792.0,17458960.0,18583808.0,19624384.0,20653968.0,21672560.0,22687488.0,23750048.0,24845584.0,25889824.0,26926736.0,27974640.0,29180096.0,30268304.0,31470096.0,32703337.0,33944549.0,35288300.0
Sweden,3428471009.0,3486184502.0,3543631594.0,3601027308.0,3660872800.0,3720148927.0,3783342950.0,3841475660.0,3900192735.0,3956049709.0,4010774690.0,4066456980.0,4123098293.0,4180322647.0,4236765987.0,4290609298.0,4344282049.0,4397098526.0,4447821622.0,4494974861.0,4547902135.0,4596872092.0,4643275658.0,4688044655.0,4731270361.0,4774655918.0,4817223936.0,4858725461.0
Switzerland,1747277176.0,1793417340.0,1839432832.0,1883037512.0,1925716081.0,1969130142.0,2013228608.0,2056263623.0,2100875970.0,2145317680.0,2188929597.0,2234005394.0,2277463921.0,2322108023.0,2367336307.0,2413116145.0,2458481773.0,2501841600.0,2546548288.0,2590076356.0,2635121458.0,2676101148.0,2718352048.0,2761535958.0,2800773709.0,2839512256.0,2878717170.0,2918791195.0
Syria,511429112.0,553629851.0,596190910.0,641412607.0,687602423.0,728802573.0,771124850.0,811555618.0,861302148.0,913073571.0,963555066.0,1011695758.0,1050134339.0,1103715711.0,1154100337.0,1203981165.0,1256821551.0,1322540031.0,1389417427.0,1450979644.0,1511696046.0,1567835396.0,1611625452.0,1647434427.0,1677546449.0,1706471690.0,1734471087.0,1762385573.0
Taiwan,1917600955.0,2050605878.0,2193951576.0,2348787075.0,2510608674.0,2682720206.0,2863062137.0,3057366630.0,3255219793.0,3460442055.0,3677627781.0,3903838319.0,4139572106.0,4384078578.0,4642534191.0,4899642287.0,5164449755.0,5439986357.0,5699348306.0,5945804488.0,6213679908.0,6480615828.0,6736620011.0,6994924930.0,7257077088.0,7515964663.0,7779440605.0,8050965637.0
Tajikistan,194759764.0,202663479.0,209958103.0,215119498.0,217466944.0,219909832.0,222732317.0,224881238.0,227375647.0,229891193.0,232123267.0,234408756.0,236281690.0,238343882.0,240891157.0,243312326.0,245946465.0,249150758.0,252036071.0,254470762.0,256988525.0,259308560.0,262214852.0,265651911.0,270712598.0,276172800.0,281751836.0,287463210.0
United Republic of Tanzania,47518430.0,49867225.0,52142406.0,54688388.0,57063424.0,60559694.0,63951878.0,66774861.0,69256354.0,71714234.0,74285181.0,77324788.0,80811751.0,84497978.0,88729634.0,94089739.0,99968732.0,105679021.0,111616430.0,117310356.0,124150963.0,131957981.0,141196063.0,152108072.0,163349359.0,175802862.0,189407554.0,203638082.0
Thailand,960356063.0,1058721657.0,1166798371.0,1289664316.0,1426508530.0,1584965599.0,1762230010.0,1945275945.0,2107827592.0,2281958609.0,2461222599.0,2653599878.0,2859375911.0,3081292353.0,3321534057.0,3565837997.0,3814457992.0,4063624102.0,4313215121.0,4577965420.0,4857393934.0,5133229900.0,5426894330.0,5723797325.0,6036983816.0,6357557824.0,6682391958.0,7013231542.0
Timor,0.0,0.0,0.0,0.0,0.0,0.0,0.0,0.0,0.0,0.0,0.0,0.0,161216.0,322432.0,498304.0,674176.0,853712.0,1036912.0,1238432.0,1465600.0,1700096.0,1945584.0,2238704.0,2678384.0,3147376.0,3659175.0,4176839.0,4729566.0
Togo,15457976.0,16506443.0,17537113.0,18606036.0,19610956.0,20785697.0,22050868.0,22929854.0,24219821.0,26070255.0,27401627.0,28560540.0,29883011.0,31687742.0,33431671.0,35153262.0,36653768.0,38170520.0,39693298.0,42434136.0,45033498.0,47541082.0,49833655.0,52069775.0,54289513.0,56929815.0,59681972.0,62673116.0
Tonga,1066224.0,1161488.0,1231104.0,1315376.0,1406976.0,1502240.0,1579184.0,1678112.0,1766048.0,1875968.0,1971232.0,2059168.0,2161760.0,2279008.0,2388928.0,2502512.0,2630752.0,2744336.0,2865248.0,2997152.0,3114400.0,3216992.0,3323248.0,3436832.0,3557744.0,3689692.0,3823152.0,3965652.0
Trinidad and Tobago,568338816.0,585307140.0,604411312.0,622332395.0,639718365.0,656687852.0,677217991.0,695550463.0,714609101.0,737085874.0,760851948.0,787132530.0,815671827.0,847570562.0,880910528.0,918970774.0,961531423.0,1006880624.0,1051133031.0,1095901990.0,1143714324.0,1190521282.0,1235831750.0,1282247280.0,1328390553.0,1374075573.0,1415099191.0,1455796378.0
Tunisia,224841576.0,240204429.0,255096229.0,271450148.0,287226261.0,302778742.0,319359587.0,336125735.0,353934272.0,372054505.0,391724829.0,412270103.0,432828731.0,453754178.0,475680759.0,497949443.0,520551936.0,544236285.0,568569703.0,592891310.0,619993841.0,645518173.0,671824580.0,698690081.0,726582118.0,752986787.0,779894477.0,808028626.0
Turkey,2399842404.0,2553380422.0,2712446269.0,2879748135.0,3043531307.0,3221841559.0,3417592262.0,3625615262.0,3833657566.0,4037606593.0,4263636436.0,4473165581.0,4690818493.0,4923781512.0,5165690733.0,5426588688.0,5708130407.0,6020992905.0,6331389600.0,6648160632.0,6967689032.0,7312434527.0,7666569292.0,8013350257.0,8370910218.0,8751768314.0,9154589098.0,9602486274.0
Turkmenistan,878773207.0,914391735.0,947292151.0,975483831.0,1008926371.0,1042858578.0,1073462302.0,1104018192.0,1136043146.0,1173648171.0,1211113763.0,1249113524.0,1289003135.0,1333523267.0,1379970352.0,1428201904.0,1477574053.0,1533464184.0,1590129918.0,1640300666.0,1697409557.0,1759591822.0,1824124726.0,1890498848.0,1958527304.0,2033906302.0,2110469600.0,2183172085.0
Turks and Caicos Islands,29312.0,58624.0,91600.0,131904.0,175872.0,223504.0,271136.0,326096.0,384720.0,450672.0,520288.0,593568.0,692496.0,795088.0,897680.0,1018592.0,1161488.0,1326368.0,1505904.0,1685440.0,1875968.0,2066496.0,2264352.0,2462208.0,2667392.0,2881595.0,3099955.0,3318276.0
Tuvalu,7328.0,14656.0,21984.0,29312.0,36640.0,43968.0,51296.0,58624.0,65952.0,73280.0,80608.0,87936.0,98928.0,109920.0,120912.0,131904.0,139232.0,150224.0,161216.0,172208.0,179536.0,186864.0,197856.0,208848.0,219840.0,231835.0,243968.0,256923.0
Uganda,27169538.0,27945419.0,28728596.0,29504413.0,30208245.0,31138207.0,32174220.0,33254320.0,34488383.0,35767815.0,37162207.0,38630288.0,40138157.0,41685516.0,43366124.0,45470684.0,47939304.0,50754620.0,53806877.0,57053556.0,60818712.0,64886558.0,68747236.0,73392457.0,78380175.0,83704938.0,89276331.0,95059160.0
Ukraine,16750334043.0,17382872801.0,17971935047.0,18482136420.0,18901404055.0,19291269845.0,19642679712.0,19982923509.0,20303990728.0,20596302009.0,20875839852.0,21177140585.0,21471340564.0,21776524009.0,22082779438.0,22396313137.0,22729077849.0,23065678945.0,23391411721.0,23668581623.0,23962100434.0,24269171598.0,24572876666.0,24868950727.0,25125534326.0,25349114024.0,25584270039.0,25796386297.0
United Arab Emirates,825098351.0,881770699.0,939528384.0,1005093763.0,1077698328.0,1147711072.0,1188140086.0,1229213801.0,1309896251.0,1387438915.0,1499226982.0,1599829926.0,1683575514.0,1789252612.0,1901120073.0,2015674509.0,2137558304.0,2270895296.0,2425050706.0,2590235842.0,2748400504.0,2911105368.0,3085029107.0,3253240102.0,3462051750.0,3689528971.0,3922955515.0,4154728973.0
United Kingdom,62691363779.0,63300384201.0,63893888327.0,64473291109.0,65048948495.0,65615782597.0,66204276059.0,66766760794.0,67334246973.0,67894752319.0,68461813771.0,69037741271.0,69597782225.0,70169383194.0,70742586958.0,71312588008.0,71880240253.0,72439562234.0,72984410472.0,73479015204.0,73991229457.0,74461040920.0,74948711673.0,75426444245.0,75865135422.0,76287797976.0,76686348860.0,77071055648.0
United States of America,247000000000.0,252000000000.0,257000000000.0,262000000000.0,268000000000.0,273000000000.0,279000000000.0,284000000000.0,290000000000.0,296000000000.0,302000000000.0,308000000000.0,314000000000.0,320000000000.0,326000000000.0,332000000000.0,338000000000.0,344000000000.0,350000000000.0,356000000000.0,361000000000.0,367000000000.0,372000000000.0,378000000000.0,383000000000.0,389000000000.0,394000000000.0,399000000000.0
Uruguay,190826363.0,195353868.0,200496745.0,204935953.0,208965837.0,213524339.0,218928776.0,224441912.0,230081998.0,236763026.0,242030179.0,247060755.0,251618489.0,256146320.0,261710116.0,267435921.0,274032007.0,279978518.0,288179183.0,296126516.0,302423228.0,310077038.0,318670121.0,326159965.0,332816072.0,339467178.0,346231602.0,353071942.0
Uzbekistan,2964806880.0,3084682130.0,3195952332.0,3311818726.0,3420102816.0,3523305106.0,3629177162.0,3736180468.0,3855126434.0,3977330960.0,4098786596.0,4221827284.0,4349770672.0,4476208668.0,4601927718.0,4718822658.0,4838521020.0,4957938290.0,5081273920.0,5187807822.0,5291389310.0,5404434674.0,5519556616.0,5622211473.0,5726692290.0,5837361615.0,5935286883.0,6034285830.0
Vanuatu,1696432.0,1762384.0,1824672.0,1886960.0,1949248.0,2015200.0,2099472.0,2183744.0,2264352.0,2348624.0,2432896.0,2520832.0,2605104.0,2689376.0,2748000.0,2806624.0,2854256.0,2953184.0,3048448.0,3169360.0,3290272.0,3422176.0,3535760.0,3642016.0,3795904.0,3963838.0,4133697.0,4315060.0
Venezuela,3228125545.0,3343178049.0,3448756139.0,3572724007.0,3702254851.0,3835129565.0,3957469163.0,4090952689.0,4257754843.0,4430317321.0,4582188349.0,4754162542.0,4946908952.0,5138365650.0,5289633634.0,5454171610.0,5622714825.0,5782703743.0,5960916552.0,6139761658.0,6327940990.0,6503796829.0,6701526588.0,6884395507.0,7068632089.0,7245529368.0,7411625736.0,7571193371.0
Vietnam,552338806.0,573499197.0,594592108.0,617192803.0,642965931.0,671489419.0,705512367.0,749821626.0,796376346.0,843034350.0,895366446.0,954895631.0,1023556886.0,1099833829.0,1187633982.0,1282493038.0,1381627071.0,1482204313.0,1595445128.0,1718281657.0,1854394747.0,1999442577.0,2134817900.0,2275256776.0,2434969153.0,2619471032.0,2817272589.0,3016099138.0
Wallis and Futuna Islands,0.0,0.0,0.0,0.0,0.0,0.0,0.0,0.0,0.0,0.0,0.0,14656.0,40304.0,65952.0,91600.0,120912.0,150224.0,179536.0,201520.0,230832.0,260144.0,285792.0,311440.0,333424.0,355408.0,379399.0,403664.0,429573.0
World,803000000000.0,826000000000.0,848000000000.0,870000000000.0,892000000000.0,915000000000.0,939000000000.0,963000000000.0,987000000000.0,1010000000000.0,1040000000000.0,1060000000000.0,1090000000000.0,1110000000000.0,1140000000000.0,1170000000000.0,1200000000000.0,1230000000000.0,1260000000000.0,1290000000000.0,1330000000000.0,1360000000000.0,1400000000000.0,1430000000000.0,1470000000000.0,1500000000000.0,1540000000000.0,1580000000000.0
Yemen,166656317.0,175784893.0,185659126.0,194285134.0,203267751.0,213619911.0,224146784.0,237368069.0,249431616.0,263156275.0,277630489.0,293647159.0,309200692.0,326283191.0,344929429.0,364724273.0,385809327.0,406528343.0,428553318.0,452800876.0,475952740.0,495465754.0,513704005.0,538684418.0,560946988.0,581331585.0,600467008.0,619432763.0
Zambia,116079581.0,118461649.0,120885757.0,123352958.0,125745970.0,127886982.0,129723988.0,132077679.0,134356917.0,136135111.0,137920167.0,139805056.0,141765116.0,143840697.0,145944995.0,148187062.0,150418746.0,152286353.0,154391909.0,156798190.0,159360768.0,162153362.0,165634024.0,169390168.0,173645895.0,178047308.0,182622452.0,187368600.0
Zimbabwe,379405743.0,395271089.0,412188507.0,428447609.0,446132072.0,461161498.0,476052059.0,490346270.0,504485906.0,520213654.0,534031835.0,546541031.0,558438037.0,569046377.0,578474925.0,589174567.0,599539437.0,609373451.0,617092326.0,622611834.0,630292845.0,639732696.0,647347296.0,658883535.0,670749884.0,681657488.0,691590138.0,701987856.0
